<?xml version="1.0" encoding="UTF-8"?>
<project-private xmlns="http://www.netbeans.org/ns/project-private/1">
    <editor-bookmarks xmlns="http://www.netbeans.org/ns/editor-bookmarks/2" lastBookmarkId="0"/>
    <open-files xmlns="http://www.netbeans.org/ns/projectui-open-files/2">
        <group>
            <file>file:/C:/Users/Asus/OneDrive/Desktop/MyCityAware/web/reportViolation.jsp</file>
            <file>file:/C:/Users/Asus/OneDrive/Desktop/MyCityAware/web/success.jsp</file>
            <file>file:/C:/Users/Asus/OneDrive/Desktop/MyCityAware/src/java/controllers/AdminController.java</file>
        </group>
    </open-files>
</project-private>
